ID_Interaccion,Fecha,ID_Usuario,ID_Libro,Descuento_Ofrecido,Compro
INT-0971,2026-03-24 15:47:10,USR-005,AF-221,0.1,1
INT-0195,2026-03-24 16:47:10,USR-019,CB-151,0.0,1
INT-0006,2026-03-24 17:47:10,USR-014,CB-018,0.0,1
INT-0761,2026-03-24 17:47:10,USR-004,CB-212,0.1,1
INT-0062,2026-03-24 18:47:10,USR-007,AF-101,0.1,0
INT-0472,2026-03-24 20:47:10,USR-041,AF-154,0.1,1
INT-0513,2026-03-24 20:47:10,USR-066,AF-327,0.1,0
INT-0155,2026-03-24 20:47:10,USR-099,AF-086,0.1,1
INT-0967,2026-03-24 21:47:10,USR-028,AF-121,0.1,1
INT-0548,2026-03-25 01:47:10,USR-064,AF-112,0.0,0
INT-0315,2026-03-25 04:47:10,USR-055,AF-010,0.1,0
INT-0261,2026-03-25 04:47:10,USR-007,AF-065,0.1,1
INT-0121,2026-03-25 05:47:10,USR-053,AF-173,0.0,1
INT-0538,2026-03-25 06:47:10,USR-047,AF-058,0.1,0
INT-0174,2026-03-25 07:47:10,USR-079,CB-050,0.0,1
INT-0970,2026-03-25 08:47:10,USR-057,AF-290,0.1,1
INT-0415,2026-03-25 12:47:10,USR-002,AF-350,0.1,1
INT-0849,2026-03-25 14:47:10,USR-067,AF-195,0.1,0
INT-0383,2026-03-25 14:47:10,USR-021,AF-029,0.0,0
INT-0240,2026-03-25 14:47:10,USR-096,AF-077,0.0,0
INT-0139,2026-03-25 15:47:10,USR-005,AF-009,0.1,0
INT-0764,2026-03-25 16:47:10,USR-088,AF-266,0.1,0
INT-0572,2026-03-25 16:47:10,USR-007,AF-079,0.1,1
INT-0781,2026-03-25 19:47:10,USR-005,AF-117,0.1,0
INT-0689,2026-03-25 19:47:10,USR-065,AF-359,0.0,0
INT-0473,2026-03-25 19:47:10,USR-082,AF-097,0.1,1
INT-0325,2026-03-25 20:47:10,USR-046,AF-395,0.1,0
INT-0221,2026-03-25 21:47:10,USR-005,AF-270,0.1,0
INT-0581,2026-03-25 22:47:10,USR-066,AF-048,0.1,0
INT-0533,2026-03-25 22:47:10,USR-066,AF-174,0.1,1
INT-0064,2026-03-25 22:47:10,USR-004,AF-128,0.0,0
INT-0235,2026-03-25 23:47:10,USR-026,AF-312,0.1,1
INT-0934,2026-03-25 23:47:10,USR-017,AF-061,0.1,1
INT-0754,2026-03-26 00:47:10,USR-094,AF-094,0.1,0
INT-0819,2026-03-26 00:47:10,USR-084,AF-295,0.0,0
INT-0633,2026-03-26 00:47:10,USR-004,AF-316,0.1,0
INT-0462,2026-03-26 01:47:10,USR-001,AF-312,0.0,0
INT-0090,2026-03-26 03:47:10,USR-093,CB-255,0.1,1
INT-0770,2026-03-26 03:47:10,USR-020,AF-368,0.0,1
INT-0458,2026-03-26 03:47:10,USR-096,AF-116,0.1,0
INT-0481,2026-03-26 06:47:10,USR-074,AF-055,0.1,0
INT-0109,2026-03-26 07:47:10,USR-016,AF-286,0.0,0
INT-0873,2026-03-26 08:47:10,USR-073,AF-140,0.0,0
INT-0917,2026-03-26 08:47:10,USR-053,AF-288,0.0,0
INT-0203,2026-03-26 08:47:10,USR-033,AF-061,0.0,1
INT-0951,2026-03-26 09:47:10,USR-040,AF-360,0.0,0
INT-0797,2026-03-26 09:47:10,USR-005,AF-130,0.0,0
INT-0107,2026-03-26 09:47:10,USR-068,AF-399,0.1,1
INT-0985,2026-03-26 11:47:10,USR-015,AF-368,0.0,0
INT-0097,2026-03-26 11:47:10,USR-039,AF-025,0.0,0
INT-0737,2026-03-26 11:47:10,USR-042,AF-314,0.1,0
INT-0021,2026-03-26 12:47:10,USR-074,AF-032,0.0,0
INT-0903,2026-03-26 12:47:10,USR-069,AF-099,0.1,1
INT-0497,2026-03-26 17:47:10,USR-018,AF-048,0.0,0
INT-0484,2026-03-26 17:47:10,USR-044,AF-375,0.1,1
INT-0642,2026-03-26 18:47:10,USR-081,AF-048,0.1,0
INT-0517,2026-03-26 19:47:10,USR-055,AF-370,0.0,0
INT-0304,2026-03-26 22:47:10,USR-003,AF-207,0.0,0
INT-0333,2026-03-26 22:47:10,USR-011,AF-375,0.0,0
INT-0276,2026-03-26 22:47:10,USR-091,CB-384,0.1,1
INT-0098,2026-03-26 22:47:10,USR-022,CB-100,0.0,1
INT-0358,2026-03-26 22:47:10,USR-059,AF-188,0.0,0
INT-0193,2026-03-26 22:47:10,USR-007,AF-365,0.1,1
INT-0603,2026-03-27 00:47:10,USR-040,AF-221,0.0,0
INT-0425,2026-03-27 00:47:10,USR-098,AF-102,0.1,0
INT-0587,2026-03-27 01:47:10,USR-045,AF-102,0.0,0
INT-0075,2026-03-27 01:47:10,USR-040,AF-167,0.0,0
INT-0014,2026-03-27 03:47:10,USR-090,AF-005,0.0,1
INT-0542,2026-03-27 03:47:10,USR-091,AF-076,0.0,1
INT-0773,2026-03-27 03:47:10,USR-024,AF-214,0.1,0
INT-0983,2026-03-27 03:47:10,USR-027,AF-282,0.1,1
INT-0435,2026-03-27 03:47:10,USR-084,AF-021,0.0,0
INT-0853,2026-03-27 03:47:10,USR-064,AF-189,0.0,0
INT-0676,2026-03-27 04:47:10,USR-033,AF-292,0.0,1
INT-0498,2026-03-27 04:47:10,USR-057,AF-271,0.0,0
INT-0551,2026-03-27 04:47:10,USR-014,AF-180,0.0,1
INT-0408,2026-03-27 05:47:10,USR-089,AF-108,0.1,0
INT-0385,2026-03-27 06:47:10,USR-064,AF-021,0.1,0
INT-0339,2026-03-27 06:47:10,USR-024,AF-294,0.1,0
INT-0556,2026-03-27 07:47:10,USR-053,AF-178,0.0,0
INT-0878,2026-03-27 07:47:10,USR-090,AF-101,0.1,1
INT-0122,2026-03-27 08:47:10,USR-028,AF-311,0.0,0
INT-0018,2026-03-27 08:47:10,USR-051,AF-351,0.1,0
INT-0464,2026-03-27 08:47:10,USR-098,AF-128,0.0,0
INT-0933,2026-03-27 08:47:10,USR-048,AF-119,0.0,1
INT-0254,2026-03-27 09:47:10,USR-007,AF-103,0.0,0
INT-0872,2026-03-27 09:47:10,USR-081,AF-117,0.0,1
INT-0233,2026-03-27 11:47:10,USR-001,AF-172,0.1,1
INT-0460,2026-03-27 12:47:10,USR-071,AF-206,0.0,0
INT-0893,2026-03-27 12:47:10,USR-048,AF-084,0.0,0
INT-0685,2026-03-27 12:47:10,USR-076,AF-371,0.1,0
INT-0705,2026-03-27 12:47:10,USR-063,CB-390,0.1,1
INT-0966,2026-03-27 13:47:10,USR-057,AF-312,0.0,1
INT-0078,2026-03-27 13:47:10,USR-088,AF-157,0.0,1
INT-0144,2026-03-27 13:47:10,USR-097,AF-337,0.0,0
INT-0065,2026-03-27 14:47:10,USR-078,AF-004,0.1,1
INT-0518,2026-03-27 14:47:10,USR-063,AF-358,0.0,0
INT-0355,2026-03-27 15:47:10,USR-010,AF-284,0.0,0
INT-0678,2026-03-27 17:47:10,USR-006,AF-026,0.1,0
INT-0132,2026-03-27 18:47:10,USR-092,AF-189,0.0,0
INT-0703,2026-03-27 19:47:10,USR-013,AF-322,0.0,0
INT-0711,2026-03-27 21:47:10,USR-080,AF-030,0.0,0
INT-0291,2026-03-27 21:47:10,USR-018,AF-238,0.1,1
INT-0447,2026-03-27 22:47:10,USR-084,AF-204,0.0,1
INT-0074,2026-03-27 22:47:10,USR-075,CB-132,0.0,1
INT-0510,2026-03-27 23:47:10,USR-077,AF-243,0.0,0
INT-0752,2026-03-27 23:47:10,USR-032,AF-280,0.1,1
INT-0053,2026-03-28 00:47:10,USR-039,AF-165,0.1,1
INT-0639,2026-03-28 00:47:10,USR-046,AF-063,0.0,0
INT-0262,2026-03-28 04:47:10,USR-061,AF-370,0.1,0
INT-0827,2026-03-28 04:47:10,USR-049,AF-113,0.1,0
INT-0382,2026-03-28 07:47:10,USR-098,AF-317,0.1,1
INT-0251,2026-03-28 09:47:10,USR-028,AF-271,0.0,0
INT-0169,2026-03-28 10:47:10,USR-019,AF-219,0.1,0
INT-0469,2026-03-28 12:47:10,USR-074,AF-075,0.0,1
INT-0876,2026-03-28 12:47:10,USR-073,AF-124,0.0,0
INT-0439,2026-03-28 12:47:10,USR-057,AF-062,0.0,1
INT-0255,2026-03-28 13:47:10,USR-094,AF-168,0.1,1
INT-0489,2026-03-28 13:47:10,USR-062,AF-124,0.0,0
INT-0948,2026-03-28 14:47:10,USR-037,AF-262,0.1,0
INT-0470,2026-03-28 15:47:10,USR-088,AF-121,0.1,0
INT-0445,2026-03-28 16:47:10,USR-077,AF-089,0.0,0
INT-0657,2026-03-28 16:47:10,USR-002,AF-352,0.1,1
INT-0824,2026-03-28 18:47:10,USR-057,AF-283,0.0,1
INT-0776,2026-03-28 18:47:10,USR-080,AF-259,0.1,0
INT-0303,2026-03-28 19:47:10,USR-086,AF-195,0.1,0
INT-0216,2026-03-28 19:47:10,USR-005,CB-328,0.0,1
INT-0104,2026-03-28 21:47:10,USR-074,AF-011,0.1,0
INT-0399,2026-03-28 22:47:10,USR-074,AF-334,0.1,0
INT-0038,2026-03-28 23:47:10,USR-030,CB-184,0.0,1
INT-0486,2026-03-28 23:47:10,USR-030,AF-371,0.1,0
INT-0901,2026-03-28 23:47:10,USR-094,AF-088,0.0,0
INT-0768,2026-03-28 23:47:10,USR-067,AF-088,0.1,0
INT-0923,2026-03-29 00:47:10,USR-008,AF-333,0.1,0
INT-0719,2026-03-29 01:47:10,USR-039,AF-318,0.0,0
INT-0750,2026-03-29 02:47:10,USR-007,AF-102,0.0,0
INT-0059,2026-03-29 02:47:10,USR-066,AF-084,0.0,1
INT-0093,2026-03-29 04:47:10,USR-025,AF-268,0.0,0
INT-0567,2026-03-29 05:47:10,USR-016,AF-063,0.0,0
INT-0234,2026-03-29 05:47:10,USR-055,AF-035,0.0,0
INT-0867,2026-03-29 05:47:10,USR-068,AF-162,0.1,0
INT-0205,2026-03-29 05:47:10,USR-014,AF-029,0.1,1
INT-0911,2026-03-29 07:47:10,USR-074,AF-257,0.1,0
INT-0880,2026-03-29 07:47:10,USR-077,AF-004,0.1,1
INT-0721,2026-03-29 08:47:10,USR-089,AF-309,0.0,1
INT-0463,2026-03-29 09:47:10,USR-064,AF-257,0.0,0
INT-0593,2026-03-29 10:47:10,USR-057,AF-256,0.0,1
INT-0783,2026-03-29 10:47:10,USR-036,AF-378,0.0,0
INT-0045,2026-03-29 11:47:10,USR-024,CB-187,0.0,1
INT-0730,2026-03-29 11:47:10,USR-001,AF-195,0.1,0
INT-0200,2026-03-29 11:47:10,USR-063,AF-177,0.0,1
INT-0965,2026-03-29 11:47:10,USR-027,AF-241,0.0,0
INT-0796,2026-03-29 12:47:10,USR-088,AF-080,0.0,0
INT-0067,2026-03-29 12:47:10,USR-015,AF-366,0.1,0
INT-0119,2026-03-29 12:47:10,USR-098,AF-326,0.1,0
INT-0507,2026-03-29 12:47:10,USR-066,AF-288,0.1,1
INT-0854,2026-03-29 19:47:10,USR-013,AF-317,0.1,0
INT-0539,2026-03-29 19:47:10,USR-026,CB-078,0.1,1
INT-0960,2026-03-29 19:47:10,USR-038,AF-087,0.1,1
INT-0725,2026-03-29 20:47:10,USR-002,AF-034,0.1,1
INT-0401,2026-03-29 20:47:10,USR-029,AF-352,0.0,0
INT-0607,2026-03-29 20:47:10,USR-058,AF-192,0.0,1
INT-0313,2026-03-29 22:47:10,USR-006,AF-233,0.0,0
INT-0875,2026-03-30 01:47:10,USR-034,AF-133,0.1,0
INT-0992,2026-03-30 01:47:10,USR-089,AF-137,0.0,1
INT-0101,2026-03-30 03:47:10,USR-047,AF-080,0.0,0
INT-0785,2026-03-30 03:47:10,USR-025,AF-380,0.1,0
INT-0030,2026-03-30 05:47:10,USR-067,AF-005,0.1,1
INT-0054,2026-03-30 05:47:10,USR-040,CB-345,0.0,1
INT-0673,2026-03-30 06:47:10,USR-064,AF-372,0.1,0
INT-0795,2026-03-30 07:47:10,USR-094,AF-179,0.1,1
INT-0961,2026-03-30 08:47:10,USR-012,AF-158,0.0,1
INT-0924,2026-03-30 08:47:10,USR-024,AF-257,0.1,0
INT-0895,2026-03-30 08:47:10,USR-024,AF-357,0.1,0
INT-0996,2026-03-30 09:47:10,USR-043,AF-174,0.0,1
INT-0851,2026-03-30 10:47:10,USR-032,AF-298,0.1,1
INT-0524,2026-03-30 10:47:10,USR-085,AF-342,0.0,0
INT-0563,2026-03-30 11:47:10,USR-083,AF-103,0.1,1
INT-0734,2026-03-30 12:47:10,USR-004,AF-149,0.1,0
INT-0648,2026-03-30 12:47:10,USR-026,AF-308,0.0,0
INT-0681,2026-03-30 13:47:10,USR-034,AF-394,0.1,0
INT-0840,2026-03-30 14:47:10,USR-027,AF-113,0.1,1
INT-0141,2026-03-30 14:47:10,USR-037,AF-316,0.1,1
INT-0244,2026-03-30 15:47:10,USR-045,AF-314,0.0,0
INT-0798,2026-03-30 15:47:10,USR-023,CB-166,0.1,1
INT-0105,2026-03-30 16:47:10,USR-057,AF-366,0.0,0
INT-0905,2026-03-30 17:47:10,USR-095,AF-051,0.0,0
INT-0085,2026-03-30 18:47:10,USR-012,CB-244,0.0,1
INT-0459,2026-03-30 18:47:10,USR-052,AF-111,0.1,0
INT-0427,2026-03-30 19:47:10,USR-012,AF-319,0.1,1
INT-0758,2026-03-30 20:47:10,USR-004,CB-301,0.1,1
INT-0289,2026-03-30 21:47:10,USR-019,AF-322,0.1,0
INT-0092,2026-03-30 21:47:10,USR-033,AF-035,0.1,0
INT-0352,2026-03-30 23:47:10,USR-089,AF-075,0.0,0
INT-0535,2026-03-31 00:47:10,USR-050,CB-228,0.0,1
INT-0931,2026-03-31 01:47:10,USR-026,AF-035,0.0,0
INT-0100,2026-03-31 03:47:10,USR-088,CB-329,0.0,1
INT-0822,2026-03-31 08:47:10,USR-031,AF-130,0.1,1
INT-0763,2026-03-31 09:47:10,USR-036,AF-326,0.1,1
INT-0035,2026-03-31 09:47:10,USR-057,AF-372,0.1,1
INT-0701,2026-03-31 10:47:10,USR-078,AF-261,0.1,0
INT-0036,2026-03-31 11:47:10,USR-100,AF-181,0.1,0
INT-0729,2026-03-31 11:47:10,USR-009,AF-270,0.1,0
INT-0161,2026-03-31 15:47:10,USR-068,AF-283,0.0,0
INT-0630,2026-03-31 15:47:10,USR-080,AF-074,0.1,0
INT-0825,2026-03-31 16:47:10,USR-004,AF-348,0.0,0
INT-0033,2026-03-31 16:47:10,USR-057,AF-294,0.1,1
INT-0079,2026-03-31 17:47:10,USR-011,CB-120,0.0,1
INT-0560,2026-03-31 18:47:10,USR-017,AF-191,0.0,1
INT-0697,2026-03-31 18:47:10,USR-085,AF-019,0.0,1
INT-0287,2026-03-31 18:47:10,USR-058,AF-175,0.0,1
INT-0508,2026-03-31 18:47:10,USR-046,AF-395,0.1,0
INT-0245,2026-03-31 19:47:10,USR-002,AF-279,0.1,0
INT-0602,2026-03-31 19:47:10,USR-060,AF-201,0.0,0
INT-0003,2026-03-31 19:47:10,USR-020,AF-125,0.0,0
INT-0753,2026-03-31 19:47:10,USR-016,AF-283,0.0,0
INT-0866,2026-03-31 19:47:10,USR-095,AF-167,0.1,1
INT-0756,2026-03-31 20:47:10,USR-041,AF-274,0.1,0
INT-0202,2026-03-31 20:47:10,USR-062,AF-188,0.1,0
INT-0976,2026-03-31 21:47:10,USR-028,AF-270,0.1,0
INT-0159,2026-03-31 21:47:10,USR-080,AF-340,0.1,1
INT-0989,2026-03-31 21:47:10,USR-061,AF-214,0.1,1
INT-0194,2026-03-31 21:47:10,USR-045,AF-375,0.0,0
INT-0925,2026-03-31 22:47:10,USR-017,AF-381,0.1,0
INT-0118,2026-03-31 23:47:10,USR-030,CB-281,0.1,1
INT-0214,2026-03-31 23:47:10,USR-068,AF-231,0.1,0
INT-0914,2026-04-01 00:47:10,USR-094,AF-017,0.0,0
INT-0555,2026-04-01 01:47:10,USR-093,AF-214,0.0,0
INT-0292,2026-04-01 02:47:10,USR-060,CB-066,0.0,1
INT-0413,2026-04-01 03:47:10,USR-035,AF-041,0.1,0
INT-0552,2026-04-01 04:47:10,USR-069,AF-026,0.1,0
INT-0375,2026-04-01 04:47:10,USR-009,AF-215,0.0,0
INT-0641,2026-04-01 04:47:10,USR-057,AF-197,0.1,0
INT-0900,2026-04-01 05:47:10,USR-050,AF-010,0.1,0
INT-0363,2026-04-01 05:47:10,USR-058,AF-076,0.0,0
INT-0009,2026-04-01 05:47:10,USR-028,AF-381,0.1,0
INT-0404,2026-04-01 05:47:10,USR-047,AF-085,0.1,0
INT-0084,2026-04-01 06:47:10,USR-009,AF-159,0.1,0
INT-0712,2026-04-01 06:47:10,USR-078,AF-109,0.0,0
INT-0007,2026-04-01 07:47:10,USR-089,CB-223,0.0,1
INT-0612,2026-04-01 08:47:10,USR-046,AF-186,0.0,1
INT-0647,2026-04-01 09:47:10,USR-061,AF-310,0.1,1
INT-0690,2026-04-01 11:47:10,USR-033,AF-043,0.1,1
INT-0742,2026-04-01 12:47:10,USR-007,AF-193,0.1,1
INT-0655,2026-04-01 14:47:10,USR-086,AF-067,0.0,0
INT-0912,2026-04-01 14:47:10,USR-038,AF-317,0.1,0
INT-0039,2026-04-01 14:47:10,USR-065,AF-292,0.1,0
INT-0393,2026-04-01 14:47:10,USR-029,AF-382,0.0,0
INT-0908,2026-04-01 14:47:10,USR-080,AF-077,0.0,1
INT-0884,2026-04-01 15:47:10,USR-072,AF-272,0.0,1
INT-0416,2026-04-01 15:47:10,USR-072,AF-119,0.0,1
INT-0294,2026-04-01 16:47:10,USR-075,AF-009,0.0,1
INT-0990,2026-04-01 16:47:10,USR-042,AF-249,0.0,0
INT-0173,2026-04-01 16:47:10,USR-017,AF-320,0.1,0
INT-0667,2026-04-01 16:47:10,USR-081,AF-296,0.0,0
INT-0670,2026-04-01 18:47:10,USR-017,CB-211,0.1,1
INT-0012,2026-04-01 19:47:10,USR-001,AF-160,0.0,0
INT-0467,2026-04-01 19:47:10,USR-025,AF-199,0.0,0
INT-0157,2026-04-01 20:47:10,USR-042,AF-375,0.0,0
INT-0846,2026-04-01 21:47:10,USR-078,AF-369,0.0,1
INT-0561,2026-04-01 21:47:10,USR-029,AF-158,0.0,0
INT-0637,2026-04-01 21:47:10,USR-057,AF-080,0.0,0
INT-0700,2026-04-01 23:47:10,USR-042,AF-057,0.1,0
INT-0133,2026-04-02 00:47:10,USR-055,AF-054,0.0,0
INT-0286,2026-04-02 00:47:10,USR-001,AF-006,0.1,0
INT-0346,2026-04-02 01:47:10,USR-064,CB-028,0.0,1
INT-0856,2026-04-02 03:47:10,USR-068,AF-017,0.0,1
INT-0238,2026-04-02 04:47:10,USR-035,AF-064,0.1,0
INT-0623,2026-04-02 05:47:10,USR-053,AF-365,0.0,1
INT-0268,2026-04-02 05:47:10,USR-020,AF-025,0.0,0
INT-0094,2026-04-02 05:47:10,USR-024,AF-323,0.0,0
INT-0300,2026-04-02 06:47:10,USR-047,AF-310,0.0,0
INT-0958,2026-04-02 06:47:10,USR-004,AF-232,0.1,1
INT-0069,2026-04-02 07:47:10,USR-076,AF-188,0.1,0
INT-0953,2026-04-02 08:47:10,USR-004,AF-360,0.1,0
INT-0436,2026-04-02 08:47:10,USR-052,AF-011,0.0,1
INT-0274,2026-04-02 10:47:10,USR-004,AF-336,0.1,1
INT-0684,2026-04-02 11:47:10,USR-080,AF-280,0.0,0
INT-0859,2026-04-02 11:47:10,USR-017,AF-179,0.1,1
INT-0031,2026-04-02 11:47:10,USR-059,AF-125,0.0,0
INT-0312,2026-04-02 12:47:10,USR-057,AF-351,0.0,1
INT-0290,2026-04-02 14:47:10,USR-073,AF-278,0.1,0
INT-0653,2026-04-02 14:47:10,USR-034,CB-020,0.0,1
INT-0939,2026-04-02 15:47:10,USR-020,AF-215,0.0,0
INT-0293,2026-04-02 15:47:10,USR-027,AF-372,0.0,0
INT-0317,2026-04-02 16:47:10,USR-002,AF-181,0.0,1
INT-0622,2026-04-02 17:47:10,USR-013,AF-379,0.0,0
INT-0640,2026-04-02 18:47:10,USR-085,CB-083,0.0,1
INT-0816,2026-04-02 18:47:10,USR-097,AF-351,0.1,1
INT-0547,2026-04-02 18:47:10,USR-038,AF-080,0.1,0
INT-0954,2026-04-02 19:47:10,USR-013,AF-242,0.0,0
INT-0126,2026-04-02 20:47:10,USR-100,AF-371,0.1,0
INT-0862,2026-04-02 20:47:10,USR-074,AF-379,0.1,0
INT-0663,2026-04-02 21:47:10,USR-019,AF-014,0.0,1
INT-0280,2026-04-02 22:47:10,USR-047,AF-033,0.1,1
INT-0589,2026-04-02 23:47:10,USR-022,CB-127,0.0,1
INT-0946,2026-04-02 23:47:10,USR-014,AF-310,0.1,0
INT-0186,2026-04-03 00:47:10,USR-016,AF-086,0.0,0
INT-0537,2026-04-03 01:47:10,USR-029,CB-115,0.0,1
INT-0148,2026-04-03 02:47:10,USR-087,AF-010,0.0,0
INT-0668,2026-04-03 02:47:10,USR-087,AF-042,0.0,1
INT-0716,2026-04-03 03:47:10,USR-009,AF-117,0.1,0
INT-0225,2026-04-03 03:47:10,USR-036,AF-158,0.1,0
INT-0889,2026-04-03 04:47:10,USR-067,AF-297,0.0,0
INT-0103,2026-04-03 04:47:10,USR-052,CB-013,0.1,1
INT-0571,2026-04-03 05:47:10,USR-097,AF-225,0.1,1
INT-0743,2026-04-03 05:47:10,USR-097,AF-032,0.0,0
INT-0423,2026-04-03 05:47:10,USR-097,AF-257,0.0,0
INT-0898,2026-04-03 05:47:10,USR-062,AF-159,0.1,0
INT-0613,2026-04-03 06:47:10,USR-084,AF-058,0.0,1
INT-0446,2026-04-03 06:47:10,USR-011,AF-217,0.0,0
INT-0766,2026-04-03 08:47:10,USR-085,AF-399,0.0,0
INT-0594,2026-04-03 08:47:10,USR-096,AF-130,0.1,1
INT-0309,2026-04-03 09:47:10,USR-008,AF-124,0.0,0
INT-0858,2026-04-03 09:47:10,USR-071,AF-216,0.0,1
INT-0842,2026-04-03 09:47:10,USR-046,AF-391,0.0,0
INT-0834,2026-04-03 11:47:10,USR-018,AF-024,0.0,0
INT-0343,2026-04-03 12:47:10,USR-047,AF-289,0.1,0
INT-0981,2026-04-03 12:47:10,USR-058,AF-121,0.0,0
INT-0531,2026-04-03 12:47:10,USR-098,AF-319,0.1,1
INT-0318,2026-04-03 13:47:10,USR-099,AF-119,0.1,0
INT-0521,2026-04-03 14:47:10,USR-050,AF-316,0.1,0
INT-0270,2026-04-03 15:47:10,USR-015,AF-238,0.1,0
INT-0397,2026-04-03 16:47:10,USR-084,AF-173,0.1,1
INT-0590,2026-04-03 17:47:10,USR-068,AF-366,0.0,0
INT-0288,2026-04-03 18:47:10,USR-079,AF-375,0.0,0
INT-0466,2026-04-03 19:47:10,USR-081,AF-070,0.0,0
INT-0299,2026-04-03 20:47:10,USR-100,AF-347,0.0,0
INT-0520,2026-04-03 20:47:10,USR-078,AF-085,0.1,0
INT-0847,2026-04-03 20:47:10,USR-069,AF-189,0.1,1
INT-0236,2026-04-03 21:47:10,USR-044,AF-284,0.1,0
INT-0855,2026-04-03 22:47:10,USR-070,AF-268,0.0,1
INT-0267,2026-04-03 22:47:10,USR-029,CB-016,0.0,1
INT-0751,2026-04-03 22:47:10,USR-036,AF-133,0.1,1
INT-0955,2026-04-03 22:47:10,USR-042,AF-141,0.1,0
INT-0665,2026-04-04 00:47:10,USR-091,AF-258,0.1,0
INT-0237,2026-04-04 01:47:10,USR-027,AF-347,0.1,1
INT-0799,2026-04-04 04:47:10,USR-064,AF-063,0.0,0
INT-0494,2026-04-04 04:47:10,USR-007,CB-023,0.1,1
INT-0342,2026-04-04 04:47:10,USR-032,AF-075,0.1,0
INT-0814,2026-04-04 06:47:10,USR-040,AF-219,0.1,0
INT-0372,2026-04-04 08:47:10,USR-047,AF-252,0.1,1
INT-0215,2026-04-04 08:47:10,USR-099,AF-079,0.0,0
INT-0577,2026-04-04 10:47:10,USR-007,AF-298,0.1,1
INT-0386,2026-04-04 10:47:10,USR-075,AF-285,0.1,0
INT-0784,2026-04-04 10:47:10,USR-100,AF-339,0.1,0
INT-0696,2026-04-04 11:47:10,USR-029,AF-175,0.1,1
INT-0789,2026-04-04 12:47:10,USR-021,CB-210,0.0,1
INT-0376,2026-04-04 14:47:10,USR-034,AF-178,0.1,0
INT-0515,2026-04-04 15:47:10,USR-065,AF-037,0.0,0
INT-0968,2026-04-04 16:47:10,USR-089,AF-181,0.1,1
INT-0654,2026-04-04 17:47:10,USR-074,AF-389,0.1,1
INT-0506,2026-04-04 18:47:10,USR-030,AF-340,0.0,0
INT-0042,2026-04-04 22:47:10,USR-041,AF-134,0.0,0
INT-0599,2026-04-05 00:47:10,USR-012,AF-381,0.0,0
INT-0160,2026-04-05 00:47:10,USR-092,AF-336,0.0,0
INT-0777,2026-04-05 01:47:10,USR-064,AF-349,0.1,0
INT-0950,2026-04-05 01:47:10,USR-091,AF-104,0.1,1
INT-0583,2026-04-05 02:47:10,USR-028,AF-111,0.1,0
INT-0398,2026-04-05 02:47:10,USR-028,AF-095,0.1,0
INT-0015,2026-04-05 02:47:10,USR-013,AF-009,0.1,0
INT-0026,2026-04-05 02:47:10,USR-066,AF-183,0.0,0
INT-0691,2026-04-05 03:47:10,USR-008,AF-128,0.0,1
INT-0979,2026-04-05 03:47:10,USR-074,AF-256,0.1,0
INT-0891,2026-04-05 03:47:10,USR-073,AF-364,0.1,0
INT-0175,2026-04-05 04:47:10,USR-068,CB-190,0.0,1
INT-0530,2026-04-05 04:47:10,USR-023,CB-386,0.0,1
INT-0820,2026-04-05 05:47:10,USR-060,AF-026,0.1,0
INT-0682,2026-04-05 05:47:10,USR-026,AF-379,0.0,0
INT-0727,2026-04-05 07:47:10,USR-083,CB-053,0.1,1
INT-0686,2026-04-05 07:47:10,USR-034,AF-256,0.0,0
INT-0674,2026-04-05 07:47:10,USR-093,AF-179,0.1,1
INT-0570,2026-04-05 07:47:10,USR-083,AF-037,0.0,0
INT-0772,2026-04-05 08:47:10,USR-039,AF-322,0.1,1
INT-0258,2026-04-05 08:47:10,USR-067,CB-277,0.1,1
INT-0151,2026-04-05 08:47:10,USR-042,AF-234,0.1,1
INT-0713,2026-04-05 08:47:10,USR-018,AF-273,0.1,1
INT-0865,2026-04-05 10:47:10,USR-017,AF-221,0.0,0
INT-0920,2026-04-05 11:47:10,USR-038,AF-174,0.1,0
INT-0164,2026-04-05 11:47:10,USR-071,AF-168,0.1,1
INT-0503,2026-04-05 12:47:10,USR-056,AF-309,0.1,0
INT-0614,2026-04-05 12:47:10,USR-018,AF-396,0.1,1
INT-0285,2026-04-05 13:47:10,USR-021,AF-073,0.1,1
INT-0170,2026-04-05 14:47:10,USR-055,AF-037,0.1,0
INT-0158,2026-04-05 16:47:10,USR-042,AF-108,0.1,1
INT-0629,2026-04-05 17:47:10,USR-047,AF-181,0.1,0
INT-0112,2026-04-05 18:47:10,USR-090,AF-283,0.0,1
INT-0364,2026-04-05 21:47:10,USR-090,AF-084,0.0,1
INT-0943,2026-04-05 22:47:10,USR-098,AF-199,0.1,1
INT-0930,2026-04-05 22:47:10,USR-056,AF-233,0.1,0
INT-0102,2026-04-05 23:47:10,USR-039,AF-170,0.1,1
INT-0024,2026-04-05 23:47:10,USR-073,AF-268,0.1,1
INT-0034,2026-04-05 23:47:10,USR-069,AF-364,0.0,1
INT-0229,2026-04-06 01:47:10,USR-051,AF-204,0.1,0
INT-0162,2026-04-06 01:47:10,USR-016,AF-139,0.1,0
INT-0493,2026-04-06 04:47:10,USR-042,AF-347,0.0,0
INT-0584,2026-04-06 04:47:10,USR-007,AF-088,0.1,0
INT-0519,2026-04-06 04:47:10,USR-063,AF-288,0.1,1
INT-0909,2026-04-06 05:47:10,USR-049,AF-090,0.0,0
INT-0448,2026-04-06 05:47:10,USR-097,AF-334,0.1,1
INT-0412,2026-04-06 06:47:10,USR-007,AF-233,0.0,0
INT-0651,2026-04-06 06:47:10,USR-085,AF-225,0.0,0
INT-0984,2026-04-06 08:47:10,USR-064,AF-159,0.1,0
INT-0185,2026-04-06 08:47:10,USR-026,CB-222,0.0,1
INT-0172,2026-04-06 09:47:10,USR-011,AF-144,0.0,1
INT-0222,2026-04-06 09:47:10,USR-016,AF-005,0.0,1
INT-0487,2026-04-06 10:47:10,USR-028,AF-036,0.1,1
INT-0048,2026-04-06 10:47:10,USR-013,AF-264,0.1,0
INT-0037,2026-04-06 11:47:10,USR-020,AF-396,0.1,0
INT-0180,2026-04-06 13:47:10,USR-059,CB-331,0.1,1
INT-0217,2026-04-06 13:47:10,USR-059,AF-367,0.0,0
INT-0253,2026-04-06 13:47:10,USR-022,AF-206,0.0,1
INT-0998,2026-04-06 14:47:10,USR-021,AF-064,0.0,1
INT-0646,2026-04-06 15:47:10,USR-022,AF-076,0.1,1
INT-0543,2026-04-06 15:47:10,USR-059,AF-333,0.1,1
INT-0627,2026-04-06 16:47:10,USR-072,AF-140,0.1,0
INT-0349,2026-04-06 16:47:10,USR-070,AF-024,0.0,0
INT-0394,2026-04-06 18:47:10,USR-033,AF-042,0.0,0
INT-0322,2026-04-06 18:47:10,USR-094,AF-113,0.0,0
INT-0147,2026-04-06 19:47:10,USR-060,AF-259,0.0,0
INT-0264,2026-04-06 20:47:10,USR-065,AF-312,0.1,0
INT-0528,2026-04-06 23:47:10,USR-077,AF-040,0.0,1
INT-0916,2026-04-07 00:47:10,USR-082,AF-254,0.1,0
INT-0340,2026-04-07 01:47:10,USR-099,AF-069,0.1,0
INT-0492,2026-04-07 01:47:10,USR-010,AF-237,0.1,0
INT-0886,2026-04-07 02:47:10,USR-012,AF-136,0.0,0
INT-0609,2026-04-07 02:47:10,USR-077,AF-297,0.0,1
INT-0671,2026-04-07 03:47:10,USR-093,AF-139,0.1,1
INT-0087,2026-04-07 04:47:10,USR-003,AF-065,0.1,0
INT-0219,2026-04-07 04:47:10,USR-005,AF-077,0.1,1
INT-0491,2026-04-07 05:47:10,USR-045,AF-105,0.0,0
INT-0228,2026-04-07 06:47:10,USR-003,AF-232,0.0,0
INT-0362,2026-04-07 06:47:10,USR-067,AF-366,0.1,1
INT-0099,2026-04-07 06:47:10,USR-024,CB-027,0.1,1
INT-0801,2026-04-07 07:47:10,USR-088,AF-207,0.1,0
INT-0790,2026-04-07 09:47:10,USR-059,AF-041,0.1,1
INT-0187,2026-04-07 09:47:10,USR-100,AF-063,0.1,0
INT-0171,2026-04-07 10:47:10,USR-025,AF-198,0.0,0
INT-0384,2026-04-07 11:47:10,USR-064,AF-249,0.0,0
INT-0831,2026-04-07 11:47:10,USR-026,AF-004,0.1,1
INT-0482,2026-04-07 12:47:10,USR-059,AF-322,0.0,1
INT-0182,2026-04-07 12:47:10,USR-089,AF-168,0.1,1
INT-0868,2026-04-07 13:47:10,USR-090,AF-057,0.1,1
INT-0800,2026-04-07 13:47:10,USR-036,AF-237,0.0,1
INT-0284,2026-04-07 14:47:10,USR-096,CB-245,0.1,1
INT-0279,2026-04-07 15:47:10,USR-060,CB-330,0.0,1
INT-0694,2026-04-07 17:47:10,USR-013,AF-167,0.0,0
INT-0330,2026-04-07 17:47:10,USR-051,CB-213,0.0,1
INT-0345,2026-04-07 17:47:10,USR-034,AF-339,0.1,0
INT-0213,2026-04-07 17:47:10,USR-006,AF-119,0.1,0
INT-0432,2026-04-07 17:47:10,USR-011,AF-251,0.0,0
INT-0359,2026-04-07 18:47:10,USR-079,AF-010,0.0,0
INT-0579,2026-04-07 18:47:10,USR-059,AF-394,0.1,0
INT-0327,2026-04-07 18:47:10,USR-069,AF-315,0.1,1
INT-0395,2026-04-07 20:47:10,USR-045,AF-317,0.1,0
INT-0704,2026-04-07 20:47:10,USR-028,AF-008,0.1,1
INT-0959,2026-04-07 20:47:10,USR-070,AF-005,0.1,1
INT-0746,2026-04-07 21:47:10,USR-074,AF-249,0.1,0
INT-0209,2026-04-07 23:47:10,USR-003,CB-354,0.0,1
INT-0405,2026-04-07 23:47:10,USR-030,AF-294,0.0,1
INT-0857,2026-04-07 23:47:10,USR-097,AF-396,0.1,0
INT-0615,2026-04-08 00:47:10,USR-078,AF-275,0.1,1
INT-0373,2026-04-08 01:47:10,USR-063,AF-337,0.0,0
INT-0120,2026-04-08 01:47:10,USR-090,AF-367,0.0,1
INT-0437,2026-04-08 02:47:10,USR-066,AF-179,0.1,1
INT-0266,2026-04-08 04:47:10,USR-099,AF-036,0.1,1
INT-0745,2026-04-08 04:47:10,USR-020,AF-085,0.1,0
INT-0197,2026-04-08 04:47:10,USR-100,AF-371,0.0,0
INT-0188,2026-04-08 05:47:10,USR-092,CB-096,0.1,1
INT-0307,2026-04-08 05:47:10,USR-040,AF-205,0.1,0
INT-0455,2026-04-08 05:47:10,USR-062,AF-215,0.0,0
INT-0720,2026-04-08 05:47:10,USR-050,AF-352,0.1,1
INT-0073,2026-04-08 07:47:10,USR-073,AF-225,0.1,1
INT-0488,2026-04-08 07:47:10,USR-061,AF-026,0.1,0
INT-0477,2026-04-08 07:47:10,USR-090,AF-290,0.0,1
INT-0582,2026-04-08 07:47:10,USR-023,AF-086,0.0,1
INT-0714,2026-04-08 08:47:10,USR-083,AF-278,0.0,0
INT-0945,2026-04-08 08:47:10,USR-080,AF-215,0.1,0
INT-0881,2026-04-08 09:47:10,USR-064,AF-303,0.0,1
INT-0564,2026-04-08 09:47:10,USR-029,AF-136,0.1,0
INT-0575,2026-04-08 09:47:10,USR-040,AF-156,0.0,1
INT-0576,2026-04-08 09:47:10,USR-095,AF-378,0.0,1
INT-0610,2026-04-08 10:47:10,USR-027,AF-054,0.1,0
INT-0635,2026-04-08 10:47:10,USR-084,AF-242,0.0,0
INT-0680,2026-04-08 10:47:10,USR-003,AF-202,0.1,1
INT-0844,2026-04-08 11:47:10,USR-086,AF-192,0.1,0
INT-0480,2026-04-08 11:47:10,USR-056,AF-347,0.0,1
INT-0526,2026-04-08 12:47:10,USR-049,AF-181,0.1,0
INT-0247,2026-04-08 13:47:10,USR-042,AF-104,0.1,1
INT-0440,2026-04-08 15:47:10,USR-065,AF-319,0.1,0
INT-0224,2026-04-08 15:47:10,USR-061,AF-399,0.1,1
INT-0788,2026-04-08 15:47:10,USR-084,AF-362,0.1,0
INT-0379,2026-04-08 16:47:10,USR-007,AF-370,0.0,0
INT-0302,2026-04-08 17:47:10,USR-097,AF-005,0.0,0
INT-0272,2026-04-08 21:47:10,USR-033,AF-025,0.1,0
INT-0938,2026-04-08 21:47:10,USR-010,AF-380,0.1,0
INT-0227,2026-04-08 22:47:10,USR-087,AF-095,0.1,0
INT-0199,2026-04-09 03:47:10,USR-004,AF-344,0.0,1
INT-0987,2026-04-09 04:47:10,USR-011,AF-335,0.1,1
INT-0568,2026-04-09 05:47:10,USR-006,AF-217,0.1,0
INT-0475,2026-04-09 05:47:10,USR-021,AF-275,0.1,0
INT-0298,2026-04-09 06:47:10,USR-038,AF-219,0.1,0
INT-0336,2026-04-09 07:47:10,USR-044,CB-400,0.1,1
INT-0283,2026-04-09 08:47:10,USR-034,CB-388,0.1,1
INT-0277,2026-04-09 08:47:10,USR-046,AF-381,0.0,1
INT-0403,2026-04-09 09:47:10,USR-070,AF-133,0.0,1
INT-0765,2026-04-09 10:47:10,USR-074,AF-303,0.1,0
INT-0196,2026-04-09 10:47:10,USR-087,AF-280,0.0,1
INT-0527,2026-04-09 10:47:10,USR-025,AF-314,0.1,0
INT-0740,2026-04-09 11:47:10,USR-096,AF-154,0.1,1
INT-0832,2026-04-09 11:47:10,USR-013,AF-091,0.0,1
INT-0360,2026-04-09 13:47:10,USR-056,AF-189,0.1,0
INT-0483,2026-04-09 13:47:10,USR-031,CB-269,0.1,1
INT-0780,2026-04-09 16:47:10,USR-014,AF-085,0.0,0
INT-0723,2026-04-09 16:47:10,USR-057,AF-139,0.0,1
INT-0962,2026-04-09 16:47:10,USR-095,AF-154,0.0,1
INT-0553,2026-04-09 17:47:10,USR-022,AF-161,0.1,0
INT-0474,2026-04-09 18:47:10,USR-009,AF-355,0.0,1
INT-0578,2026-04-09 19:47:10,USR-041,AF-073,0.0,1
INT-0724,2026-04-09 19:47:10,USR-059,AF-381,0.1,0
INT-0896,2026-04-09 19:47:10,USR-044,AF-296,0.0,0
INT-0056,2026-04-09 20:47:10,USR-019,AF-156,0.0,1
INT-0081,2026-04-09 22:47:10,USR-100,AF-085,0.1,0
INT-0049,2026-04-09 23:47:10,USR-047,AF-191,0.0,0
INT-0123,2026-04-09 23:47:10,USR-071,AF-215,0.0,0
INT-0598,2026-04-10 02:47:10,USR-032,AF-224,0.0,1
INT-0350,2026-04-10 02:47:10,USR-066,AF-124,0.1,0
INT-0628,2026-04-10 02:47:10,USR-097,AF-162,0.0,0
INT-0695,2026-04-10 02:47:10,USR-086,AF-259,0.1,0
INT-0649,2026-04-10 02:47:10,USR-052,AF-150,0.0,0
INT-0699,2026-04-10 03:47:10,USR-093,CB-131,0.0,1
INT-0805,2026-04-10 03:47:10,USR-055,AF-192,0.1,0
INT-0717,2026-04-10 04:47:10,USR-056,AF-185,0.1,0
INT-0871,2026-04-10 05:47:10,USR-064,AF-283,0.1,0
INT-0759,2026-04-10 05:47:10,USR-033,AF-036,0.1,0
INT-0762,2026-04-10 05:47:10,USR-085,AF-348,0.0,1
INT-0043,2026-04-10 06:47:10,USR-096,CB-068,0.0,1
INT-0947,2026-04-10 06:47:10,USR-079,AF-264,0.1,1
INT-0136,2026-04-10 06:47:10,USR-044,AF-139,0.1,0
INT-0616,2026-04-10 07:47:10,USR-021,AF-065,0.1,0
INT-0108,2026-04-10 07:47:10,USR-077,AF-133,0.0,0
INT-0557,2026-04-10 07:47:10,USR-035,AF-261,0.0,0
INT-0428,2026-04-10 07:47:10,USR-056,AF-063,0.1,0
INT-0604,2026-04-10 08:47:10,USR-028,AF-200,0.0,0
INT-0541,2026-04-10 08:47:10,USR-026,AF-215,0.1,0
INT-0476,2026-04-10 09:47:10,USR-074,AF-283,0.0,1
INT-0380,2026-04-10 09:47:10,USR-085,AF-340,0.1,1
INT-0260,2026-04-10 11:47:10,USR-061,AF-302,0.1,0
INT-0732,2026-04-10 11:47:10,USR-026,AF-215,0.0,0
INT-0192,2026-04-10 12:47:10,USR-031,AF-173,0.1,1
INT-0532,2026-04-10 12:47:10,USR-063,AF-249,0.1,1
INT-0973,2026-04-10 13:47:10,USR-013,AF-189,0.1,0
INT-0361,2026-04-10 13:47:10,USR-066,AF-139,0.1,0
INT-1000,2026-04-10 14:47:10,USR-027,AF-336,0.1,0
INT-0275,2026-04-10 15:47:10,USR-054,AF-359,0.0,0
INT-0143,2026-04-10 15:47:10,USR-054,AF-294,0.0,1
INT-0357,2026-04-10 15:47:10,USR-039,AF-042,0.1,1
INT-0145,2026-04-10 16:47:10,USR-017,AF-051,0.1,0
INT-0887,2026-04-10 16:47:10,USR-040,AF-097,0.0,0
INT-0314,2026-04-10 17:47:10,USR-056,AF-346,0.0,0
INT-0621,2026-04-10 18:47:10,USR-058,AF-051,0.0,0
INT-0017,2026-04-10 18:47:10,USR-040,AF-312,0.1,1
INT-0181,2026-04-10 19:47:10,USR-092,CB-291,0.0,1
INT-0083,2026-04-10 19:47:10,USR-068,AF-062,0.1,0
INT-0910,2026-04-10 21:47:10,USR-012,AF-363,0.0,0
INT-0008,2026-04-10 21:47:10,USR-058,CB-002,0.1,1
INT-0468,2026-04-10 23:47:10,USR-031,AF-279,0.0,0
INT-0677,2026-04-11 00:47:10,USR-088,AF-129,0.1,1
INT-0295,2026-04-11 00:47:10,USR-067,AF-286,0.0,0
INT-0972,2026-04-11 00:47:10,USR-025,AF-033,0.0,0
INT-0811,2026-04-11 00:47:10,USR-030,AF-021,0.0,0
INT-0658,2026-04-11 01:47:10,USR-047,AF-065,0.0,1
INT-0804,2026-04-11 01:47:10,USR-008,AF-160,0.1,0
INT-0808,2026-04-11 02:47:10,USR-077,AF-351,0.1,0
INT-0899,2026-04-11 03:47:10,USR-037,AF-307,0.0,1
INT-0305,2026-04-11 04:47:10,USR-047,AF-157,0.0,0
INT-0928,2026-04-11 04:47:10,USR-009,AF-061,0.1,1
INT-0220,2026-04-11 05:47:10,USR-015,CB-081,0.1,1
INT-0882,2026-04-11 05:47:10,USR-008,AF-162,0.1,1
INT-0371,2026-04-11 06:47:10,USR-037,AF-156,0.1,1
INT-0919,2026-04-11 06:47:10,USR-035,AF-389,0.0,1
INT-0929,2026-04-11 07:47:10,USR-070,AF-012,0.0,0
INT-0060,2026-04-11 07:47:10,USR-024,AF-355,0.0,1
INT-0707,2026-04-11 08:47:10,USR-086,AF-138,0.1,1
INT-0957,2026-04-11 11:47:10,USR-014,AF-094,0.1,0
INT-0588,2026-04-11 12:47:10,USR-057,AF-101,0.1,1
INT-0540,2026-04-11 13:47:10,USR-070,AF-225,0.0,0
INT-0142,2026-04-11 13:47:10,USR-030,CB-194,0.1,1
INT-0638,2026-04-11 14:47:10,USR-043,AF-108,0.1,1
INT-0836,2026-04-11 14:47:10,USR-069,AF-116,0.0,1
INT-0029,2026-04-11 14:47:10,USR-015,CB-287,0.0,1
INT-0226,2026-04-11 14:47:10,USR-044,AF-175,0.0,1
INT-0815,2026-04-11 14:47:10,USR-096,AF-346,0.1,1
INT-0335,2026-04-11 16:47:10,USR-031,CB-142,0.0,1
INT-0885,2026-04-11 17:47:10,USR-055,AF-072,0.0,0
INT-0988,2026-04-11 18:47:10,USR-065,AF-286,0.0,0
INT-0020,2026-04-11 21:47:10,USR-033,CB-123,0.0,1
INT-0465,2026-04-11 21:47:10,USR-001,AF-090,0.0,0
INT-0980,2026-04-11 22:47:10,USR-099,AF-060,0.0,1
INT-0956,2026-04-11 22:47:10,USR-019,AF-165,0.1,0
INT-0077,2026-04-11 22:47:10,USR-024,AF-322,0.0,0
INT-0168,2026-04-11 23:47:10,USR-056,AF-193,0.0,1
INT-0409,2026-04-12 00:47:10,USR-008,AF-299,0.1,0
INT-0414,2026-04-12 00:47:10,USR-071,AF-242,0.1,1
INT-0786,2026-04-12 01:47:10,USR-070,AF-130,0.1,1
INT-0424,2026-04-12 02:47:10,USR-057,AF-037,0.0,0
INT-0997,2026-04-12 03:47:10,USR-078,AF-355,0.1,0
INT-0438,2026-04-12 03:47:10,USR-079,AF-327,0.1,1
INT-0545,2026-04-12 04:47:10,USR-046,CB-376,0.1,1
INT-0338,2026-04-12 04:47:10,USR-004,AF-119,0.1,1
INT-0005,2026-04-12 04:47:10,USR-042,AF-064,0.0,1
INT-0076,2026-04-12 08:47:10,USR-011,AF-205,0.0,1
INT-0146,2026-04-12 08:47:10,USR-013,AF-174,0.0,0
INT-0501,2026-04-12 08:47:10,USR-049,AF-139,0.1,1
INT-0771,2026-04-12 08:47:10,USR-011,AF-209,0.0,0
INT-0874,2026-04-12 08:47:10,USR-074,AF-270,0.0,1
INT-0733,2026-04-12 09:47:10,USR-080,AF-206,0.0,0
INT-0113,2026-04-12 10:47:10,USR-080,CB-361,0.0,1
INT-0913,2026-04-12 10:47:10,USR-003,AF-237,0.1,0
INT-0400,2026-04-12 12:47:10,USR-054,AF-133,0.0,1
INT-0450,2026-04-12 14:47:10,USR-016,AF-183,0.0,0
INT-0904,2026-04-12 15:47:10,USR-035,AF-231,0.0,1
INT-0906,2026-04-12 16:47:10,USR-030,AF-183,0.1,1
INT-0534,2026-04-12 16:47:10,USR-022,AF-200,0.0,1
INT-0047,2026-04-12 17:47:10,USR-063,AF-315,0.1,0
INT-0715,2026-04-12 17:47:10,USR-012,AF-391,0.0,0
INT-0114,2026-04-12 17:47:10,USR-050,AF-036,0.1,1
INT-0391,2026-04-12 17:47:10,USR-027,AF-299,0.0,0
INT-0111,2026-04-12 17:47:10,USR-070,AF-346,0.0,1
INT-0692,2026-04-12 19:47:10,USR-044,AF-129,0.1,0
INT-0747,2026-04-12 19:47:10,USR-087,AF-072,0.1,1
INT-0562,2026-04-12 19:47:10,USR-044,AF-382,0.0,1
INT-0485,2026-04-12 19:47:10,USR-063,AF-383,0.0,1
INT-0332,2026-04-12 23:47:10,USR-007,AF-231,0.0,1
INT-0177,2026-04-13 01:47:10,USR-026,AF-327,0.0,1
INT-0061,2026-04-13 01:47:10,USR-007,AF-350,0.1,1
INT-0419,2026-04-13 02:47:10,USR-015,AF-159,0.0,0
INT-0606,2026-04-13 03:47:10,USR-015,AF-257,0.0,0
INT-0402,2026-04-13 03:47:10,USR-045,AF-366,0.0,0
INT-0792,2026-04-13 06:47:10,USR-061,AF-261,0.1,1
INT-0809,2026-04-13 06:47:10,USR-016,AF-200,0.0,0
INT-0779,2026-04-13 07:47:10,USR-038,AF-098,0.1,0
INT-0731,2026-04-13 08:47:10,USR-033,AF-171,0.0,1
INT-0643,2026-04-13 08:47:10,USR-022,AF-177,0.0,1
INT-0265,2026-04-13 08:47:10,USR-080,AF-215,0.1,0
INT-0184,2026-04-13 09:47:10,USR-085,AF-044,0.1,0
INT-0249,2026-04-13 10:47:10,USR-061,AF-364,0.0,0
INT-0739,2026-04-13 11:47:10,USR-097,AF-144,0.0,1
INT-0028,2026-04-13 11:47:10,USR-092,AF-180,0.0,0
INT-0128,2026-04-13 11:47:10,USR-045,AF-299,0.0,0
INT-0512,2026-04-13 12:47:10,USR-048,AF-171,0.1,0
INT-0907,2026-04-13 12:47:10,USR-012,AF-137,0.0,0
INT-0310,2026-04-13 14:47:10,USR-003,CB-046,0.0,1
INT-0152,2026-04-13 14:47:10,USR-018,AF-112,0.0,0
INT-0326,2026-04-13 14:47:10,USR-057,AF-153,0.1,1
INT-0387,2026-04-13 17:47:10,USR-007,AF-204,0.1,0
INT-0242,2026-04-13 17:47:10,USR-025,AF-003,0.0,0
INT-0574,2026-04-13 17:47:10,USR-040,AF-350,0.1,1
INT-0442,2026-04-13 17:47:10,USR-063,AF-248,0.1,1
INT-0001,2026-04-13 18:47:10,USR-084,CB-313,0.0,1
INT-0422,2026-04-13 18:47:10,USR-008,AF-294,0.0,0
INT-0323,2026-04-13 19:47:10,USR-087,AF-087,0.1,0
INT-0738,2026-04-13 21:47:10,USR-041,AF-134,0.1,0
INT-0420,2026-04-13 21:47:10,USR-076,AF-288,0.1,0
INT-0826,2026-04-13 22:47:10,USR-028,AF-355,0.0,1
INT-0212,2026-04-13 22:47:10,USR-060,AF-199,0.1,1
INT-0848,2026-04-13 23:47:10,USR-060,AF-036,0.0,1
INT-0741,2026-04-14 00:47:10,USR-035,CB-387,0.1,1
INT-0595,2026-04-14 01:47:10,USR-003,AF-017,0.0,0
INT-0025,2026-04-14 02:47:10,USR-091,CB-038,0.0,1
INT-0894,2026-04-14 02:47:10,USR-051,AF-248,0.0,0
INT-0652,2026-04-14 03:47:10,USR-069,AF-098,0.1,1
INT-0138,2026-04-14 04:47:10,USR-068,AF-394,0.1,0
INT-0444,2026-04-14 04:47:10,USR-030,AF-062,0.0,0
INT-0263,2026-04-14 05:47:10,USR-090,AF-264,0.0,1
INT-0351,2026-04-14 05:47:10,USR-044,CB-164,0.0,1
INT-0620,2026-04-14 06:47:10,USR-094,AF-055,0.1,0
INT-0296,2026-04-14 06:47:10,USR-080,AF-093,0.0,0
INT-0644,2026-04-14 07:47:10,USR-069,AF-126,0.0,1
INT-0461,2026-04-14 11:47:10,USR-028,AF-099,0.0,1
INT-0982,2026-04-14 11:47:10,USR-080,AF-054,0.0,0
INT-0392,2026-04-14 12:47:10,USR-032,AF-071,0.1,1
INT-0918,2026-04-14 12:47:10,USR-041,CB-353,0.1,1
INT-0597,2026-04-14 12:47:10,USR-070,AF-358,0.1,1
INT-0191,2026-04-14 17:47:10,USR-026,CB-152,0.1,1
INT-0525,2026-04-14 17:47:10,USR-002,AF-106,0.1,1
INT-0861,2026-04-14 18:47:10,USR-061,AF-128,0.1,0
INT-0502,2026-04-14 18:47:10,USR-007,AF-256,0.1,1
INT-0246,2026-04-14 18:47:10,USR-038,AF-189,0.0,0
INT-0341,2026-04-14 18:47:10,USR-088,AF-355,0.0,0
INT-0829,2026-04-14 19:47:10,USR-090,AF-229,0.0,0
INT-0189,2026-04-14 21:47:10,USR-040,AF-350,0.1,1
INT-0150,2026-04-14 22:47:10,USR-092,AF-334,0.0,0
INT-0320,2026-04-14 22:47:10,USR-073,AF-349,0.1,0
INT-0495,2026-04-14 23:47:10,USR-094,AF-014,0.1,0
INT-0991,2026-04-14 23:47:10,USR-038,AF-005,0.0,0
INT-0027,2026-04-14 23:47:10,USR-084,AF-198,0.0,1
INT-0679,2026-04-15 00:47:10,USR-095,AF-134,0.1,1
INT-0032,2026-04-15 01:47:10,USR-002,CB-235,0.0,1
INT-0605,2026-04-15 01:47:10,USR-050,AF-130,0.0,0
INT-0259,2026-04-15 02:47:10,USR-064,CB-135,0.0,1
INT-0706,2026-04-15 02:47:10,USR-008,AF-057,0.0,0
INT-0457,2026-04-15 02:47:10,USR-065,AF-064,0.1,0
INT-0179,2026-04-15 04:47:10,USR-070,CB-052,0.1,1
INT-0086,2026-04-15 04:47:10,USR-096,AF-278,0.1,1
INT-0969,2026-04-15 06:47:10,USR-092,AF-143,0.0,0
INT-0082,2026-04-15 06:47:10,USR-021,AF-154,0.0,1
INT-0915,2026-04-15 07:47:10,USR-065,AF-160,0.0,0
INT-0863,2026-04-15 07:47:10,USR-092,AF-026,0.1,0
INT-0129,2026-04-15 08:47:10,USR-032,AF-303,0.1,0
INT-0407,2026-04-15 08:47:10,USR-095,AF-139,0.0,1
INT-0165,2026-04-15 08:47:10,USR-017,AF-224,0.1,0
INT-0051,2026-04-15 08:47:10,USR-062,AF-242,0.1,1
INT-0348,2026-04-15 08:47:10,USR-053,AF-116,0.1,1
INT-0565,2026-04-15 09:47:10,USR-072,AF-232,0.1,0
INT-0115,2026-04-15 09:47:10,USR-082,CB-306,0.1,1
INT-0282,2026-04-15 09:47:10,USR-095,AF-163,0.1,1
INT-0585,2026-04-15 10:47:10,USR-062,AF-034,0.0,0
INT-0935,2026-04-15 10:47:10,USR-067,AF-273,0.0,0
INT-0089,2026-04-15 11:47:10,USR-006,AF-116,0.0,0
INT-0378,2026-04-15 11:47:10,USR-008,CB-343,0.0,1
INT-0135,2026-04-15 11:47:10,USR-062,AF-076,0.1,0
INT-0072,2026-04-15 11:47:10,USR-040,AF-221,0.1,0
INT-0596,2026-04-15 13:47:10,USR-082,AF-069,0.0,0
INT-0117,2026-04-15 13:47:10,USR-035,CB-176,0.1,1
INT-0050,2026-04-15 14:47:10,USR-079,AF-067,0.0,0
INT-0183,2026-04-15 14:47:10,USR-094,AF-227,0.0,0
INT-0449,2026-04-15 14:47:10,USR-089,AF-085,0.1,1
INT-0004,2026-04-15 14:47:10,USR-072,CB-338,0.0,1
INT-0421,2026-04-15 14:47:10,USR-010,AF-172,0.0,1
INT-0744,2026-04-15 16:47:10,USR-080,AF-264,0.0,1
INT-0580,2026-04-15 17:47:10,USR-042,AF-198,0.0,0
INT-0864,2026-04-15 18:47:10,USR-065,AF-316,0.1,0
INT-0645,2026-04-15 19:47:10,USR-011,AF-396,0.1,1
INT-0634,2026-04-15 19:47:10,USR-075,AF-257,0.1,0
INT-0803,2026-04-15 19:47:10,USR-077,AF-272,0.0,0
INT-0986,2026-04-15 20:47:10,USR-025,AF-252,0.0,0
INT-0356,2026-04-15 20:47:10,USR-003,AF-097,0.1,0
INT-0218,2026-04-15 21:47:10,USR-014,CB-059,0.0,1
INT-0813,2026-04-15 21:47:10,USR-086,AF-040,0.1,1
INT-0860,2026-04-15 22:47:10,USR-027,AF-232,0.0,0
INT-0281,2026-04-15 22:47:10,USR-046,CB-056,0.1,1
INT-0374,2026-04-15 22:47:10,USR-042,AF-219,0.1,1
INT-0410,2026-04-15 23:47:10,USR-061,AF-221,0.1,0
INT-0328,2026-04-16 00:47:10,USR-027,AF-071,0.1,1
INT-0514,2026-04-16 00:47:10,USR-032,AF-137,0.1,1
INT-0071,2026-04-16 00:47:10,USR-091,AF-206,0.1,0
INT-0134,2026-04-16 01:47:10,USR-045,AF-290,0.0,0
INT-0454,2026-04-16 02:47:10,USR-048,AF-138,0.0,0
INT-0377,2026-04-16 03:47:10,USR-090,CB-374,0.1,1
INT-0011,2026-04-16 04:47:10,USR-051,AF-031,0.1,1
INT-0922,2026-04-16 04:47:10,USR-015,AF-246,0.1,0
INT-0662,2026-04-16 05:47:10,USR-024,AF-006,0.0,1
INT-0319,2026-04-16 05:47:10,USR-034,AF-383,0.0,0
INT-0702,2026-04-16 06:47:10,USR-082,AF-207,0.0,0
INT-0828,2026-04-16 06:47:10,USR-050,AF-079,0.0,1
INT-0278,2026-04-16 06:47:10,USR-053,AF-043,0.1,0
INT-0660,2026-04-16 06:47:10,USR-063,AF-144,0.0,1
INT-0877,2026-04-16 09:47:10,USR-061,AF-334,0.1,1
INT-0787,2026-04-16 09:47:10,USR-062,AF-272,0.1,0
INT-0942,2026-04-16 10:47:10,USR-070,AF-398,0.0,0
INT-0316,2026-04-16 10:47:10,USR-014,AF-179,0.1,1
INT-0546,2026-04-16 11:47:10,USR-070,AF-109,0.1,1
INT-0709,2026-04-16 13:47:10,USR-004,CB-049,0.0,1
INT-0198,2026-04-16 13:47:10,USR-085,AF-010,0.1,1
INT-0883,2026-04-16 15:47:10,USR-028,AF-133,0.1,1
INT-0794,2026-04-16 16:47:10,USR-094,AF-203,0.1,0
INT-0952,2026-04-16 19:47:10,USR-011,AF-087,0.0,0
INT-0698,2026-04-16 20:47:10,USR-059,AF-126,0.1,1
INT-0230,2026-04-16 20:47:10,USR-074,CB-304,0.1,1
INT-0002,2026-04-16 23:47:10,USR-059,AF-032,0.0,0
INT-0369,2026-04-17 00:47:10,USR-031,AF-348,0.1,0
INT-0178,2026-04-17 00:47:10,USR-072,AF-398,0.1,0
INT-0431,2026-04-17 01:47:10,USR-075,AF-323,0.0,1
INT-0106,2026-04-17 01:47:10,USR-023,AF-355,0.0,1
INT-0749,2026-04-17 02:47:10,USR-014,AF-335,0.1,0
INT-0683,2026-04-17 02:47:10,USR-019,CB-265,0.1,1
INT-0426,2026-04-17 04:47:10,USR-071,AF-086,0.0,0
INT-0608,2026-04-17 05:47:10,USR-043,AF-099,0.0,0
INT-0821,2026-04-17 06:47:10,USR-003,AF-159,0.0,0
INT-0941,2026-04-17 06:47:10,USR-060,AF-275,0.0,0
INT-0040,2026-04-17 09:47:10,USR-080,AF-335,0.1,1
INT-0559,2026-04-17 11:47:10,USR-038,AF-284,0.0,0
INT-0479,2026-04-17 12:47:10,USR-007,AF-057,0.1,1
INT-0499,2026-04-17 14:47:10,USR-007,AF-198,0.1,0
INT-0243,2026-04-17 15:47:10,USR-032,AF-216,0.0,0
INT-0964,2026-04-17 15:47:10,USR-046,AF-010,0.1,1
INT-0044,2026-04-17 16:47:10,USR-032,AF-393,0.0,0
INT-0890,2026-04-17 19:47:10,USR-013,AF-156,0.1,1
INT-0722,2026-04-17 19:47:10,USR-094,AF-312,0.1,0
INT-0778,2026-04-17 19:47:10,USR-085,AF-174,0.0,0
INT-0140,2026-04-17 19:47:10,USR-065,AF-249,0.1,0
INT-0536,2026-04-17 19:47:10,USR-096,CB-341,0.1,1
INT-0250,2026-04-17 20:47:10,USR-090,CB-267,0.1,1
INT-0870,2026-04-17 22:47:10,USR-090,AF-395,0.0,0
INT-0433,2026-04-17 22:47:10,USR-017,CB-122,0.1,1
INT-0022,2026-04-18 00:47:10,USR-087,AF-274,0.0,1
INT-0833,2026-04-18 00:47:10,USR-033,AF-179,0.1,1
INT-0944,2026-04-18 00:47:10,USR-049,AF-205,0.1,0
INT-0949,2026-04-18 01:47:10,USR-034,AF-206,0.0,1
INT-0248,2026-04-18 02:47:10,USR-077,AF-336,0.0,0
INT-0769,2026-04-18 03:47:10,USR-087,AF-074,0.1,1
INT-0347,2026-04-18 03:47:10,USR-066,CB-118,0.0,1
INT-0366,2026-04-18 04:47:10,USR-015,AF-186,0.1,0
INT-0269,2026-04-18 05:47:10,USR-070,AF-134,0.1,1
INT-0306,2026-04-18 07:47:10,USR-049,AF-026,0.1,0
INT-0211,2026-04-18 07:47:10,USR-050,AF-205,0.1,1
INT-0529,2026-04-18 07:47:10,USR-053,AF-111,0.0,0
INT-0774,2026-04-18 08:47:10,USR-041,AF-067,0.1,0
INT-0869,2026-04-18 08:47:10,USR-071,AF-079,0.0,1
INT-0522,2026-04-18 09:47:10,USR-068,AF-198,0.0,0
INT-0656,2026-04-18 09:47:10,USR-082,AF-116,0.1,1
INT-0052,2026-04-18 11:47:10,USR-090,AF-063,0.1,1
INT-0334,2026-04-18 12:47:10,USR-092,AF-241,0.1,1
INT-0994,2026-04-18 13:47:10,USR-005,AF-350,0.1,0
INT-0611,2026-04-18 14:47:10,USR-013,AF-368,0.1,0
INT-0010,2026-04-18 15:47:10,USR-005,AF-001,0.0,0
INT-0879,2026-04-18 16:47:10,USR-060,AF-380,0.1,1
INT-0016,2026-04-18 16:47:10,USR-075,AF-196,0.1,0
INT-0675,2026-04-18 17:47:10,USR-078,AF-170,0.1,0
INT-0091,2026-04-18 18:47:10,USR-017,AF-349,0.0,0
INT-0661,2026-04-18 19:47:10,USR-081,AF-189,0.0,0
INT-0500,2026-04-18 19:47:10,USR-089,AF-285,0.0,1
INT-0632,2026-04-18 19:47:10,USR-005,AF-275,0.0,0
INT-0154,2026-04-18 20:47:10,USR-038,CB-107,0.1,1
INT-0974,2026-04-18 20:47:10,USR-092,AF-365,0.0,0
INT-0664,2026-04-18 21:47:10,USR-061,AF-139,0.0,0
INT-0471,2026-04-18 22:47:10,USR-026,AF-270,0.1,1
INT-0273,2026-04-18 23:47:10,USR-084,CB-039,0.1,1
INT-0569,2026-04-18 23:47:10,USR-015,AF-362,0.0,0
INT-0850,2026-04-19 00:47:10,USR-028,AF-149,0.0,0
INT-0710,2026-04-19 02:47:10,USR-047,AF-389,0.0,0
INT-0978,2026-04-19 03:47:10,USR-022,AF-239,0.0,1
INT-0156,2026-04-19 04:47:10,USR-084,AF-315,0.0,0
INT-0511,2026-04-19 04:47:10,USR-021,AF-221,0.0,0
INT-0927,2026-04-19 05:47:10,USR-100,AF-204,0.0,0
INT-0782,2026-04-19 06:47:10,USR-060,AF-041,0.1,1
INT-0921,2026-04-19 07:47:10,USR-100,AF-395,0.1,1
INT-0096,2026-04-19 08:47:10,USR-024,AF-133,0.0,1
INT-0257,2026-04-19 09:47:10,USR-076,AF-140,0.0,0
INT-0937,2026-04-19 09:47:10,USR-021,AF-076,0.0,0
INT-0618,2026-04-19 10:47:10,USR-026,AF-174,0.0,1
INT-0549,2026-04-19 10:47:10,USR-098,AF-146,0.1,1
INT-0586,2026-04-19 11:47:10,USR-065,AF-188,0.1,0
INT-0321,2026-04-19 11:47:10,USR-080,AF-134,0.0,1
INT-0046,2026-04-19 12:47:10,USR-029,AF-161,0.1,0
INT-0999,2026-04-19 13:47:10,USR-024,AF-360,0.0,0
INT-0791,2026-04-19 14:47:10,USR-088,AF-074,0.0,0
INT-0190,2026-04-19 14:47:10,USR-042,AF-286,0.0,1
INT-0736,2026-04-19 15:47:10,USR-033,AF-285,0.0,1
INT-0897,2026-04-19 15:47:10,USR-071,AF-086,0.0,0
INT-0368,2026-04-19 15:47:10,USR-099,AF-014,0.1,1
INT-0301,2026-04-19 17:47:10,USR-077,AF-319,0.1,0
INT-0239,2026-04-19 17:47:10,USR-045,AF-085,0.1,0
INT-0066,2026-04-19 17:47:10,USR-069,AF-201,0.0,0
INT-0324,2026-04-19 19:47:10,USR-052,AF-158,0.0,0
INT-0429,2026-04-19 20:47:10,USR-007,AF-246,0.1,0
INT-0573,2026-04-20 00:47:10,USR-084,AF-154,0.0,1
INT-0418,2026-04-20 00:47:10,USR-033,AF-312,0.0,0
INT-0977,2026-04-20 02:47:10,USR-064,AF-258,0.1,0
INT-0839,2026-04-20 03:47:10,USR-046,AF-270,0.1,0
INT-0624,2026-04-20 04:47:10,USR-032,AF-149,0.0,1
INT-0852,2026-04-20 04:47:10,USR-047,AF-295,0.1,1
INT-0452,2026-04-20 06:47:10,USR-073,CB-169,0.1,1
INT-0127,2026-04-20 08:47:10,USR-049,AF-099,0.1,1
INT-0207,2026-04-20 08:47:10,USR-034,AF-209,0.1,1
INT-0666,2026-04-20 08:47:10,USR-052,AF-121,0.1,0
INT-0344,2026-04-20 08:47:10,USR-099,AF-226,0.0,0
INT-0718,2026-04-20 09:47:10,USR-087,AF-010,0.0,0
INT-0735,2026-04-20 09:47:10,USR-080,AF-270,0.0,0
INT-0775,2026-04-20 10:47:10,USR-086,AF-084,0.0,0
INT-0058,2026-04-20 11:47:10,USR-009,AF-103,0.0,0
INT-0019,2026-04-20 11:47:10,USR-020,AF-339,0.1,1
INT-0210,2026-04-20 11:47:10,USR-071,AF-370,0.1,0
INT-0659,2026-04-20 12:47:10,USR-031,CB-230,0.1,1
INT-0550,2026-04-20 13:47:10,USR-044,AF-133,0.1,1
INT-0297,2026-04-20 15:47:10,USR-012,AF-264,0.1,0
INT-0163,2026-04-20 17:47:10,USR-014,AF-366,0.1,1
INT-0728,2026-04-20 17:47:10,USR-033,AF-288,0.1,1
INT-0095,2026-04-20 17:47:10,USR-001,AF-293,0.1,1
INT-0365,2026-04-20 17:47:10,USR-047,AF-202,0.1,1
INT-0936,2026-04-20 17:47:10,USR-091,CB-247,0.0,1
INT-0381,2026-04-20 18:47:10,USR-012,AF-085,0.1,0
INT-0767,2026-04-20 18:47:10,USR-044,AF-344,0.1,0
INT-0516,2026-04-20 19:47:10,USR-069,AF-282,0.1,1
INT-0370,2026-04-20 19:47:10,USR-075,AF-149,0.1,0
INT-0110,2026-04-20 20:47:10,USR-057,AF-025,0.0,1
INT-0023,2026-04-20 22:47:10,USR-002,CB-324,0.0,1
INT-0619,2026-04-20 23:47:10,USR-090,AF-150,0.0,0
INT-0411,2026-04-21 00:47:10,USR-026,AF-041,0.0,0
INT-0554,2026-04-21 00:47:10,USR-036,AF-077,0.1,0
INT-0271,2026-04-21 01:47:10,USR-061,AF-109,0.0,0
INT-0080,2026-04-21 01:47:10,USR-010,AF-109,0.0,0
INT-0456,2026-04-21 02:47:10,USR-099,AF-090,0.0,0
INT-0892,2026-04-21 03:47:10,USR-019,AF-232,0.1,0
INT-0509,2026-04-21 08:47:10,USR-058,AF-233,0.1,0
INT-0390,2026-04-21 08:47:10,USR-083,AF-134,0.0,0
INT-0308,2026-04-21 09:47:10,USR-030,AF-346,0.1,0
INT-0223,2026-04-21 09:47:10,USR-039,AF-334,0.1,1
INT-0755,2026-04-21 10:47:10,USR-078,AF-197,0.1,0
INT-0688,2026-04-21 10:47:10,USR-020,AF-137,0.1,0
INT-0566,2026-04-21 11:47:10,USR-034,AF-243,0.1,0
INT-0057,2026-04-21 11:47:10,USR-094,AF-030,0.1,0
INT-0490,2026-04-21 11:47:10,USR-016,AF-188,0.0,1
INT-0669,2026-04-21 11:47:10,USR-015,CB-047,0.1,1
INT-0256,2026-04-21 12:47:10,USR-022,AF-360,0.0,0
INT-0388,2026-04-21 12:47:10,USR-051,AF-101,0.1,1
INT-0926,2026-04-21 13:47:10,USR-022,AF-175,0.0,1
INT-0748,2026-04-21 13:47:10,USR-026,AF-036,0.1,1
INT-0088,2026-04-21 14:47:10,USR-036,AF-292,0.0,1
INT-0504,2026-04-21 14:47:10,USR-032,AF-092,0.0,0
INT-0802,2026-04-21 14:47:10,USR-010,AF-241,0.0,0
INT-0396,2026-04-21 15:47:10,USR-062,AF-071,0.0,1
INT-0841,2026-04-21 16:47:10,USR-100,AF-071,0.0,1
INT-0523,2026-04-21 16:47:10,USR-021,AF-395,0.0,0
INT-0137,2026-04-21 16:47:10,USR-044,AF-310,0.0,0
INT-0636,2026-04-21 17:47:10,USR-017,AF-375,0.0,0
INT-0201,2026-04-21 18:47:10,USR-011,AF-216,0.1,1
INT-0845,2026-04-21 19:47:10,USR-020,AF-268,0.1,1
INT-0838,2026-04-21 20:47:10,USR-028,AF-030,0.0,0
INT-0208,2026-04-21 20:47:10,USR-070,AF-391,0.1,1
INT-0125,2026-04-21 22:47:10,USR-081,AF-360,0.1,1
INT-0167,2026-04-21 23:47:10,USR-044,AF-102,0.0,0
INT-0708,2026-04-22 00:47:10,USR-092,AF-008,0.0,0
INT-0063,2026-04-22 00:47:10,USR-008,AF-258,0.0,0
INT-0760,2026-04-22 00:47:10,USR-100,AF-316,0.1,0
INT-0149,2026-04-22 02:47:10,USR-091,AF-363,0.0,0
INT-0626,2026-04-22 02:47:10,USR-013,AF-195,0.0,0
INT-0558,2026-04-22 02:47:10,USR-063,AF-157,0.1,0
INT-0672,2026-04-22 03:47:10,USR-003,AF-063,0.1,0
INT-0817,2026-04-22 03:47:10,USR-063,AF-185,0.1,1
INT-0451,2026-04-22 04:47:10,USR-086,AF-366,0.0,0
INT-0331,2026-04-22 04:47:10,USR-050,AF-069,0.1,0
INT-0406,2026-04-22 05:47:10,USR-043,CB-114,0.1,1
INT-0041,2026-04-22 09:47:10,USR-089,CB-321,0.1,1
INT-0354,2026-04-22 13:47:10,USR-058,AF-103,0.1,1
INT-0995,2026-04-22 17:47:10,USR-042,AF-158,0.1,0
INT-0835,2026-04-22 17:47:10,USR-010,AF-357,0.0,0
INT-0544,2026-04-22 17:47:10,USR-041,AF-143,0.1,0
INT-0204,2026-04-22 18:47:10,USR-059,CB-392,0.1,1
INT-0975,2026-04-22 18:47:10,USR-048,AF-348,0.0,1
INT-0631,2026-04-22 18:47:10,USR-052,AF-381,0.1,0
INT-0231,2026-04-22 19:47:10,USR-071,AF-004,0.0,1
INT-0837,2026-04-22 20:47:10,USR-071,AF-055,0.1,0
INT-0940,2026-04-22 21:47:10,USR-038,AF-292,0.0,1
INT-0153,2026-04-22 22:47:10,USR-096,CB-022,0.0,1
INT-0337,2026-04-22 23:47:10,USR-018,AF-085,0.0,0
INT-0116,2026-04-22 23:47:10,USR-063,AF-008,0.0,1
INT-0353,2026-04-23 00:47:10,USR-043,AF-188,0.1,1
INT-0252,2026-04-23 00:47:10,USR-014,AF-333,0.1,1
INT-0843,2026-04-23 01:47:10,USR-043,AF-064,0.1,1
INT-0124,2026-04-23 02:47:10,USR-082,AF-092,0.0,1
INT-0591,2026-04-23 02:47:10,USR-082,AF-040,0.1,1
INT-0232,2026-04-23 03:47:10,USR-077,AF-362,0.0,0
INT-0932,2026-04-23 05:47:10,USR-050,AF-325,0.1,1
INT-0888,2026-04-23 06:47:10,USR-088,AF-140,0.0,0
INT-0430,2026-04-23 06:47:10,USR-062,CB-045,0.1,1
INT-0367,2026-04-23 07:47:10,USR-031,AF-003,0.1,1
INT-0807,2026-04-23 08:47:10,USR-090,AF-051,0.1,0
INT-0823,2026-04-23 08:47:10,USR-054,AF-099,0.1,1
INT-0757,2026-04-23 09:47:10,USR-011,AF-035,0.1,1
INT-0441,2026-04-23 10:47:10,USR-088,AF-398,0.0,0
INT-0417,2026-04-23 10:47:10,USR-030,AF-275,0.1,1
INT-0130,2026-04-23 12:47:10,USR-083,AF-280,0.0,0
INT-0443,2026-04-23 13:47:10,USR-060,AF-051,0.1,0
INT-0726,2026-04-23 13:47:10,USR-064,AF-357,0.0,0
INT-0902,2026-04-23 14:47:10,USR-053,AF-062,0.0,1
INT-0687,2026-04-23 15:47:10,USR-096,AF-157,0.0,0
INT-0166,2026-04-23 15:47:10,USR-060,AF-040,0.0,1
INT-0818,2026-04-23 19:47:10,USR-019,AF-112,0.1,0
INT-0496,2026-04-23 19:47:10,USR-073,AF-246,0.1,1
INT-0131,2026-04-23 19:47:10,USR-018,CB-155,0.1,1
INT-0806,2026-04-23 20:47:10,USR-046,AF-177,0.1,0
INT-0617,2026-04-23 20:47:10,USR-060,AF-161,0.0,0
INT-0311,2026-04-23 21:47:10,USR-059,AF-113,0.0,0
INT-0070,2026-04-23 21:47:10,USR-055,AF-319,0.0,0
INT-0600,2026-04-23 21:47:10,USR-066,AF-237,0.1,0
INT-0993,2026-04-23 21:47:10,USR-016,AF-379,0.0,0
INT-0810,2026-04-23 22:47:10,USR-049,CB-300,0.1,1
INT-0625,2026-04-23 22:47:10,USR-100,AF-266,0.1,1
INT-0329,2026-04-23 23:47:10,USR-025,AF-090,0.1,1
INT-0453,2026-04-23 23:47:10,USR-026,AF-208,0.0,1
INT-0812,2026-04-24 00:47:10,USR-030,AF-391,0.1,1
INT-0505,2026-04-24 00:47:10,USR-097,CB-240,0.1,1
INT-0013,2026-04-24 01:47:10,USR-087,AF-217,0.0,1
INT-0389,2026-04-24 01:47:10,USR-088,AF-125,0.1,1
INT-0241,2026-04-24 02:47:10,USR-030,CB-145,0.0,1
INT-0693,2026-04-24 02:47:10,USR-014,AF-206,0.1,0
INT-0206,2026-04-24 05:47:10,USR-091,CB-110,0.1,1
INT-0601,2026-04-24 06:47:10,USR-035,AF-093,0.0,0
INT-0650,2026-04-24 07:47:10,USR-095,AF-085,0.0,0
INT-0434,2026-04-24 08:47:10,USR-022,AF-034,0.1,1
INT-0068,2026-04-24 08:47:10,USR-095,AF-317,0.0,0
INT-0830,2026-04-24 08:47:10,USR-094,AF-092,0.0,0
INT-0478,2026-04-24 10:47:10,USR-017,AF-368,0.0,1
INT-0592,2026-04-24 11:47:10,USR-088,AF-162,0.1,0
INT-0793,2026-04-24 11:47:10,USR-077,AF-229,0.0,1
INT-0176,2026-04-24 12:47:10,USR-087,AF-323,0.1,0
INT-0963,2026-04-24 12:47:10,USR-009,AF-299,0.0,1
INT-0055,2026-04-24 14:47:10,USR-053,AF-097,0.1,0
